subject_id,category,video_id,file_path,file_size_bytes,duration_seconds,fps,width,height,attire,time_of_recording,description,classes_raw,source_dataset,label
1,ADL,01,datasets\raw\GMDCSA24\extracted\ekramalam-GMDCSA24-A-Dataset-for-Human-Fall-Detection-in-Videos-5abac76\Subject 1\ADL\01.mp4,8013673,8.273533333333333,29.61249929494049,1280,720,Full T-shirt & Trousers,Day (Light On),Sitting on the bed to sleeping right side on the bed. Face towards camera,Sitting[0 to 1]; Sleeping[2 to 8],GMDCSA24,adl
1,ADL,02,datasets\raw\GMDCSA24\extracted\ekramalam-GMDCSA24-A-Dataset-for-Human-Fall-Detection-in-Videos-5abac76\Subject 1\ADL\02.mp4,6670980,6.689533333333333,29.598477223124682,1280,720,Full T-shirt & Trousers,Day (Light On),Sitting on the bed to sleeping left side on the bed. Face towards the camera,Sitting[0 to 0.5]; Sleeping[1.5 to 6],GMDCSA24,adl
1,ADL,03,datasets\raw\GMDCSA24\extracted\ekramalam-GMDCSA24-A-Dataset-for-Human-Fall-Detection-in-Videos-5abac76\Subject 1\ADL\03.mp4,6595428,6.689433333333334,29.74840918264128,1280,720,Full T-shirt & Trousers,Day (Light On),Sitting on the bed to sleeping left side on the bed. Face towards the ceiling,Sitting[0 to 0.5]; Sleeping[1 to 6],GMDCSA24,adl
1,ADL,04,datasets\raw\GMDCSA24\extracted\ekramalam-GMDCSA24-A-Dataset-for-Human-Fall-Detection-in-Videos-5abac76\Subject 1\ADL\04.mp4,5936086,5.8092999999999995,29.263422443323638,1280,720,Full T-shirt & Trousers,Day (Light On),From sleeping left side on the bed (Face towards the ceiling) to sitting on the bed,Sitting[2.5 to 5]; Sleeping[0 to 1.5],GMDCSA24,adl
1,ADL,05,datasets\raw\GMDCSA24\extracted\ekramalam-GMDCSA24-A-Dataset-for-Human-Fall-Detection-in-Videos-5abac76\Subject 1\ADL\05.mp4,10369324,10.5456,29.775451373084508,1280,720,Full T-shirt & Trousers,Day (Light On),Coming to the bed and reading book in the sitting position. Front view of the subject. One leg folded,Reading[6 to 10]; Sitting[3 to 10]; Walking[1 to 3],GMDCSA24,adl
1,ADL,06,datasets\raw\GMDCSA24\extracted\ekramalam-GMDCSA24-A-Dataset-for-Human-Fall-Detection-in-Videos-5abac76\Subject 1\ADL\06.mp4,12423009,12.2255,29.773833381047808,1280,720,Full T-shirt & Trousers,Day (Light On),Sitting on the bed (front view) to reading the book while supporting towards the wall. Side view,Reading[3 to 12]; Sitting[0 to 2],GMDCSA24,adl
1,ADL,07,datasets\raw\GMDCSA24\extracted\ekramalam-GMDCSA24-A-Dataset-for-Human-Fall-Detection-in-Videos-5abac76\Subject 1\ADL\07.mp4,7736760,7.537233333333333,29.71912770822185,1280,720,Full T-shirt & Trousers,Day (Light On),Reading book while sitting on the chair; Front view;Leg straight,Reading[0 to 5.5]; Sitting[0 to 7],GMDCSA24,adl
1,ADL,08,datasets\raw\GMDCSA24\extracted\ekramalam-GMDCSA24-A-Dataset-for-Human-Fall-Detection-in-Videos-5abac76\Subject 1\ADL\08.mp4,6306776,6.289433333333333,29.73240832507433,1280,720,Full T-shirt & Trousers,Day (Light On),Walking in the room,Walking[0 to 6],GMDCSA24,adl
1,ADL,09,datasets\raw\GMDCSA24\extracted\ekramalam-GMDCSA24-A-Dataset-for-Human-Fall-Detection-in-Videos-5abac76\Subject 1\ADL\09.mp4,4833796,4.9936,29.43768023069529,1280,720,Full T-shirt & Trousers,Day (Light On),Reading book while walking in the room,Reading[0 to 4]; Walking[0 to 4],GMDCSA24,adl
1,ADL,10,datasets\raw\GMDCSA24\extracted\ekramalam-GMDCSA24-A-Dataset-for-Human-Fall-Detection-in-Videos-5abac76\Subject 1\ADL\10.mp4,3847178,3.9212333333333333,29.32750750189141,1280,720,Full T-shirt & Trousers,Day (Light On),Reading book while walking in the room,Reading[0 to 2.5]; Walking[0 to 3],GMDCSA24,adl
1,ADL,11,datasets\raw\GMDCSA24\extracted\ekramalam-GMDCSA24-A-Dataset-for-Human-Fall-Detection-in-Videos-5abac76\Subject 1\ADL\11.mp4,9299982,9.313533333333334,29.741666249114193,1280,720,Full T-shirt & Trousers,Day (Light On),Walking to sitting on the chair and then reading book,Reading[5 to 9]; Sitting[3 to 9]; Walking[0 to 2],GMDCSA24,adl
1,ADL,12,datasets\raw\GMDCSA24\extracted\ekramalam-GMDCSA24-A-Dataset-for-Human-Fall-Detection-in-Videos-5abac76\Subject 1\ADL\12.mp4,7715103,7.329533333333333,29.742684845783725,1280,720,Full T-shirt & Trousers,Day (Light On),Reading book while sitting on the chair to stand up and keeping the book on the chair and going out of the room,Reading[0 to 2.5]; Sitting[0 to 3.3]; Standing[3.3 to 5];Walking[5 to 7];,GMDCSA24,adl
1,ADL,13,datasets\raw\GMDCSA24\extracted\ekramalam-GMDCSA24-A-Dataset-for-Human-Fall-Detection-in-Videos-5abac76\Subject 1\ADL\13.mp4,6219096,6.3056,29.656178634864247,1280,720,T-shirt & Trousers,Day (Light On),Walking to sitting on the chair (side view),Sitting[3 to 6]; Walking[0 to 2.5],GMDCSA24,adl
1,ADL,14,datasets\raw\GMDCSA24\extracted\ekramalam-GMDCSA24-A-Dataset-for-Human-Fall-Detection-in-Videos-5abac76\Subject 1\ADL\14.mp4,5850069,5.857666666666667,29.533944118818642,1280,720,T-shirt & Trousers,Day (Light On),Sitting on the chair (side view) to walking,Sitting[0 to 1]; Standing[4.7 to 5]; Walking[1.6 to 4.7],GMDCSA24,adl
1,ADL,15,datasets\raw\GMDCSA24\extracted\ekramalam-GMDCSA24-A-Dataset-for-Human-Fall-Detection-in-Videos-5abac76\Subject 1\ADL\15.mp4,7233079,7.169233333333334,29.570804874533305,1280,720,T-shirt & Trousers,Day (Light On),Walking to picking a mobile phone from the ground and then sitting on the chair,Sitting[4 to 7]; Walking[0 to 1.5],GMDCSA24,adl
1,ADL,16,datasets\raw\GMDCSA24\extracted\ekramalam-GMDCSA24-A-Dataset-for-Human-Fall-Detection-in-Videos-5abac76\Subject 1\ADL\16.mp4,3582225,3.5214000000000003,29.5337081842449,1280,720,T-shirt & Trousers,Day (Light On),Picking the mobile phone from the ground while sitting on the chair,Sitting[0 to 3],GMDCSA24,adl
1,Fall,01,datasets\raw\GMDCSA24\extracted\ekramalam-GMDCSA24-A-Dataset-for-Human-Fall-Detection-in-Videos-5abac76\Subject 1\Fall\01.mp4,6891695,6.8655333333333335,29.567986949302313,1280,720,Full T-shirt & Trousers,Day (Light On),Falling from sitting on the chair to the ground. Left side Fall. Full body not visible,Falling (SW)[3.4 to 6]; Sitting[0 to 3.4],GMDCSA24,fall
1,Fall,02,datasets\raw\GMDCSA24\extracted\ekramalam-GMDCSA24-A-Dataset-for-Human-Fall-Detection-in-Videos-5abac76\Subject 1\Fall\02.mp4,6422328,6.3694999999999995,29.67265876442421,1280,720,Full T-shirt & Trousers,Day (Light On),Falling from sitting on the chair to the ground. Left side Fall. Full body not visible,Falling (SW)[1.9 to 6]; Sitting[0 to 1.9],GMDCSA24,fall
1,Fall,03,datasets\raw\GMDCSA24\extracted\ekramalam-GMDCSA24-A-Dataset-for-Human-Fall-Detection-in-Videos-5abac76\Subject 1\Fall\03.mp4,6030324,5.921633333333333,29.721529532955433,1280,720,Full T-shirt & Trousers,Day (Light On),Falling from sitting on the chair to the ground. Left side fall,Falling (SW)[2.5 to 5]; Sitting[0 to 2.5],GMDCSA24,fall
1,Fall,04,datasets\raw\GMDCSA24\extracted\ekramalam-GMDCSA24-A-Dataset-for-Human-Fall-Detection-in-Videos-5abac76\Subject 1\Fall\04.mp4,4966884,4.9613,29.427770947130792,1280,720,Full T-shirt & Trousers,Day (Light On),Falling from sitting on the chair to the ground. Right side fall,Falling (SW)[2.3 to 4]; Sitting[0 to 2.2],GMDCSA24,fall
1,Fall,05,datasets\raw\GMDCSA24\extracted\ekramalam-GMDCSA24-A-Dataset-for-Human-Fall-Detection-in-Videos-5abac76\Subject 1\Fall\05.mp4,5872655,5.857633333333333,29.70482959557045,1280,720,Full T-shirt & Trousers,Day (Light On),Walking to falling. Right side fall,Falling (SW)[1.8 to 5]:; Walking[0 to 1.8],GMDCSA24,fall
1,Fall,06,datasets\raw\GMDCSA24\extracted\ekramalam-GMDCSA24-A-Dataset-for-Human-Fall-Detection-in-Videos-5abac76\Subject 1\Fall\06.mp4,5830074,5.697233333333333,29.663520890256674,1280,720,Full T-shirt & Trousers,Day (Light On),Walking to falling. Right side fall,Falling (SW)[2.2 to 5]; Walking[0 to 2.1],GMDCSA24,fall
1,Fall,07,datasets\raw\GMDCSA24\extracted\ekramalam-GMDCSA24-A-Dataset-for-Human-Fall-Detection-in-Videos-5abac76\Subject 1\Fall\07.mp4,5078892,5.153499999999999,29.688561172019018,1280,720,Full T-shirt & Trousers,Day (Light On),Walking to falling. Right side fall,Falling (SW)[1.1 to 5]; Walking[0 to 1],GMDCSA24,fall
1,Fall,08,datasets\raw\GMDCSA24\extracted\ekramalam-GMDCSA24-A-Dataset-for-Human-Fall-Detection-in-Videos-5abac76\Subject 1\Fall\08.mp4,4343049,4.353433333333333,29.631784874773167,1280,720,Full T-shirt & Trousers,Day (Light On),Walking to falling. Left side fall,Falling (FW)[0.8 to 4]; Walking[0 to 0.8],GMDCSA24,fall
1,Fall,09,datasets\raw\GMDCSA24\extracted\ekramalam-GMDCSA24-A-Dataset-for-Human-Fall-Detection-in-Videos-5abac76\Subject 1\Fall\09.mp4,4585785,4.481533333333333,29.23106674798804,1280,720,Full T-shirt & Trousers,Day (Light On),Standing position to falling. Forward Fall. Full body (head) not visible,Falling (FW)[0.7 to 4]; Standing[0 to 0.6],GMDCSA24,fall
1,Fall,10,datasets\raw\GMDCSA24\extracted\ekramalam-GMDCSA24-A-Dataset-for-Human-Fall-Detection-in-Videos-5abac76\Subject 1\Fall\10.mp4,4346206,4.4974,29.57264197091653,1280,720,Full T-shirt & Trousers,Day (Light On),Standing position to falling. Forward Fall. Full body (right eye) not visible,Falling (FW)[0.7 to 4]; Standing[0 to 0.7],GMDCSA24,fall
1,Fall,11,datasets\raw\GMDCSA24\extracted\ekramalam-GMDCSA24-A-Dataset-for-Human-Fall-Detection-in-Videos-5abac76\Subject 1\Fall\11.mp4,5961144,6.0973999999999995,29.684783678289108,1280,720,T-shirt & Trousers,Day (Light On),Standing position to falling,Falling (BW)[1 to 6]; Standing[0 to 1],GMDCSA24,fall
1,Fall,12,datasets\raw\GMDCSA24\extracted\ekramalam-GMDCSA24-A-Dataset-for-Human-Fall-Detection-in-Videos-5abac76\Subject 1\Fall\12.mp4,6599379,6.8334,29.268007141393742,1280,720,T-shirt & Trousers,Day (Light On),Standing position to falling. Backward Fall,Falling (BW)[1.9 to 6]; Standing[0 to 1.8],GMDCSA24,fall
1,Fall,13,datasets\raw\GMDCSA24\extracted\ekramalam-GMDCSA24-A-Dataset-for-Human-Fall-Detection-in-Videos-5abac76\Subject 1\Fall\13.mp4,1389022,4.3213333333333335,29.620487503856836,640,480,T-shirt & Trousers,Day (Light On),Standing position to falling. Backward fall. Full body (head) is not visible,Falling (BW)[0.4 to 4]; Standing[0 to 0.3],GMDCSA24,fall
1,Fall,14,datasets\raw\GMDCSA24\extracted\ekramalam-GMDCSA24-A-Dataset-for-Human-Fall-Detection-in-Videos-5abac76\Subject 1\Fall\14.mp4,1887607,5.697333333333334,29.663000234027614,640,480,T-shirt & Trousers,Day (Light On),Standing position to falling. Backward fall. Full body (both ankles) is not visible,Falling (BW) [0.3 to 5]; Standing [0 to 0.2],GMDCSA24,fall
1,Fall,15,datasets\raw\GMDCSA24\extracted\ekramalam-GMDCSA24-A-Dataset-for-Human-Fall-Detection-in-Videos-5abac76\Subject 1\Fall\15.mp4,2004556,6.001566666666666,29.658922392486406,640,480,T-shirt & Trousers,Day (Light On),Sitting on the chair (side view) to right side fall,Falling (SW) [1.8 to 6] ; Sitting [0 to 2],GMDCSA24,fall
1,Fall,16,datasets\raw\GMDCSA24\extracted\ekramalam-GMDCSA24-A-Dataset-for-Human-Fall-Detection-in-Videos-5abac76\Subject 1\Fall\16.mp4,6016916,6.0973,29.685270529578666,1280,720,T-shirt & Trousers,Day (Light On),Sitting on the chair (side view) to the left side fall,Falling (SW) [ 2.8 to 6]; Sitting [0 to 2.9],GMDCSA24,fall
2,ADL,01,datasets\raw\GMDCSA24\extracted\ekramalam-GMDCSA24-A-Dataset-for-Human-Fall-Detection-in-Videos-5abac76\Subject 2\ADL\01.mp4,11622498,11.393666666666666,29.841139814516836,1280,720,Full Shirt & Pant,Day,Talking on the mobile phone while sitting on the bed and walking,Sitting [0 to 7]; Standing [7.3 to 8.1]; Walking[8.1 to 11],GMDCSA24,adl
2,ADL,02,datasets\raw\GMDCSA24\extracted\ekramalam-GMDCSA24-A-Dataset-for-Human-Fall-Detection-in-Videos-5abac76\Subject 2\ADL\02.mp4,11856629,11.7934,29.84720267268133,1280,720,Full Shirt & Pant,Day,Picking up a water bottle from the ground and drinking while sitting on the bed,Drinking[10.5 to 11]; Sitting [0 to 11];,GMDCSA24,adl
2,ADL,03,datasets\raw\GMDCSA24\extracted\ekramalam-GMDCSA24-A-Dataset-for-Human-Fall-Detection-in-Videos-5abac76\Subject 2\ADL\03.mp4,12178337,11.937333333333333,29.822405897464538,1280,720,Full Shirt & Pant,Day,Walking; removing dust from the bed using a pillow; and sleeping on the bed,Sitting[5.6 to 7.4]; Sleeping[8 to 11]; Walking[0 to 4.6],GMDCSA24,adl
2,ADL,04,datasets\raw\GMDCSA24\extracted\ekramalam-GMDCSA24-A-Dataset-for-Human-Fall-Detection-in-Videos-5abac76\Subject 2\ADL\04.mp4,8300595,7.8415333333333335,29.841102505462366,1280,720,Full Shirt & Pant,Day,Yoga: Standing forward bend (Uttanasana),Exercising[0 to 7]; Standing[0 to 7],GMDCSA24,adl
2,ADL,05,datasets\raw\GMDCSA24\extracted\ekramalam-GMDCSA24-A-Dataset-for-Human-Fall-Detection-in-Videos-5abac76\Subject 2\ADL\05.mp4,11172187,10.817533333333333,29.85893272033674,1280,720,Full Shirt & Pant,Day,Throwing a book on the bed; standing up from the ground; walking; and opening the curtain,Sitting[0 to 2.8]; Standing[3.1 to 4.1]; Walking[4.1 to 10],GMDCSA24,adl
2,ADL,06,datasets\raw\GMDCSA24\extracted\ekramalam-GMDCSA24-A-Dataset-for-Human-Fall-Detection-in-Videos-5abac76\Subject 2\ADL\06.mp4,11333632,10.753400000000001,29.85102386222032,1280,720,Full Shirt & Pant,Day,Picking up the mobile phone from the ground; placing it on the bed; and sitting on the bed,Sitting[9.7 to 3]; Standing[0 to 0.5; 4.2 to 6.5]; Walking[0.5 to 1.8; 6 to 8.7],GMDCSA24,adl
2,ADL,07,datasets\raw\GMDCSA24\extracted\ekramalam-GMDCSA24-A-Dataset-for-Human-Fall-Detection-in-Videos-5abac76\Subject 2\ADL\07.mp4,13334845,12.9934,29.86131420567365,1280,720,Full Shirt & Pant,Day,Exercising (Moving both hands up and down),Exercising[0 to 13]; Standing[0 to 13],GMDCSA24,adl
2,ADL,08,datasets\raw\GMDCSA24\extracted\ekramalam-GMDCSA24-A-Dataset-for-Human-Fall-Detection-in-Videos-5abac76\Subject 2\ADL\08.mp4,14001257,13.6656,29.85598876009835,1280,720,Full Shirt & Pant,Day,Exercising (Stretching thigh and trying to touch the ground:Pyramid Pose),Exercising[0 to 13]; Standing[4.5 to 6.2; 10 to 13],GMDCSA24,adl
2,ADL,09,datasets\raw\GMDCSA24\extracted\ekramalam-GMDCSA24-A-Dataset-for-Human-Fall-Detection-in-Videos-5abac76\Subject 2\ADL\09.mp4,11237415,10.960466666666667,29.83449609809801,1280,720,Full Shirt & Paint,Day,Standing up from a sitting position on the bed and then sitting on the ground,Sitting[0 to 0.5; 3.7 to 10]; Standing[0.5 to 1.3]; Walking[0.5 to 3.1],GMDCSA24,adl
2,ADL,10,datasets\raw\GMDCSA24\extracted\ekramalam-GMDCSA24-A-Dataset-for-Human-Fall-Detection-in-Videos-5abac76\Subject 2\ADL\10.mp4,7729870,7.568033333333333,29.86244775172766,1280,720,Full Shirt & Paint,Day,Standing up from the ground and closing the curtain,Standing[0.1 to 2.1]; Walking[2.1 to 5],GMDCSA24,adl
2,ADL,11,datasets\raw\GMDCSA24\extracted\ekramalam-GMDCSA24-A-Dataset-for-Human-Fall-Detection-in-Videos-5abac76\Subject 2\ADL\11.mp4,10144022,9.9853,29.84387048961974,1280,720,Full Shirt; T-shirt & Pant,Day,Removing the shirt and hanging it on the hanger,Standing[0 to 4.7]; Walking[5 to 6.5; 8 to 10],GMDCSA24,adl
2,ADL,12,datasets\raw\GMDCSA24\extracted\ekramalam-GMDCSA24-A-Dataset-for-Human-Fall-Detection-in-Videos-5abac76\Subject 2\ADL\12.mp4,7791870,7.601533333333333,29.862396183226192,1280,720,T-shirt and Pant,Day,Going to bed and sleeping (belly facing downwards),Sleeping[3 to 7]; Standing[0 to 0.1],GMDCSA24,adl
2,ADL,13,datasets\raw\GMDCSA24\extracted\ekramalam-GMDCSA24-A-Dataset-for-Human-Fall-Detection-in-Videos-5abac76\Subject 2\ADL\13.mp4,5042870,4.8483,29.907390219252107,1280,720,T-shirt and Pant,Day,Sitting on the ground and reading a book,Reading[1 to 4]; Sitting[1 to 4]; Standing[0 to 0.5],GMDCSA24,adl
2,ADL,14,datasets\raw\GMDCSA24\extracted\ekramalam-GMDCSA24-A-Dataset-for-Human-Fall-Detection-in-Videos-5abac76\Subject 2\ADL\14.mp4,5961059,11.057566666666666,15.012344488088097,1280,720,Full Shirt & Jeans,Night,Walking and reading something while sitting on the bed,Reading[8.6 to 11]; Sitting[4.6 to 11]; Walking[0 to 3.6],GMDCSA24,adl
2,ADL,15,datasets\raw\GMDCSA24\extracted\ekramalam-GMDCSA24-A-Dataset-for-Human-Fall-Detection-in-Videos-5abac76\Subject 2\ADL\15.mp4,6478341,11.9214,15.015015015015015,1280,720,Full Shirt & Jeans,Night,Reading a newspaper while sitting on the bed and placing a pillow on the lap,Reading[6.5 to 11]; Sitting[0 to 11],GMDCSA24,adl
2,ADL,16,datasets\raw\GMDCSA24\extracted\ekramalam-GMDCSA24-A-Dataset-for-Human-Fall-Detection-in-Videos-5abac76\Subject 2\ADL\16.mp4,6180584,11.537466666666667,14.994626203325975,1280,720,Full Shirt & Jeans,Night,Reading a newspaper; throwing the newspaper; and sleeping,Reading[0 to 5.8]; Sleeping[9 to 11],GMDCSA24,adl
2,ADL,17,datasets\raw\GMDCSA24\extracted\ekramalam-GMDCSA24-A-Dataset-for-Human-Fall-Detection-in-Videos-5abac76\Subject 2\ADL\17.mp4,6329895,11.665566666666667,15.001414419073798,1280,720,Full Shirt & Jeans,Night,Standing up from bed; walking; and checking the dress on the hanger,Standing[3.5 to 4; 6.8 to 10]; Walking[4.1 to 6.8],GMDCSA24,adl
2,ADL,18,datasets\raw\GMDCSA24\extracted\ekramalam-GMDCSA24-A-Dataset-for-Human-Fall-Detection-in-Videos-5abac76\Subject 2\ADL\18.mp4,6235033,11.665333333333333,15.001714481655046,1280,720,Full Shirt & Jeans,Night,Walking; opening the window; and looking outside,Standing[2 to 11]; Walking[0 to 2],GMDCSA24,adl
2,ADL,19,datasets\raw\GMDCSA24\extracted\ekramalam-GMDCSA24-A-Dataset-for-Human-Fall-Detection-in-Videos-5abac76\Subject 2\ADL\19.mp4,6099589,11.329400000000001,15.00520768972761,1280,720,Full Shirt & Jeans,Night,Sitting on the ground and writing in a notebook,Sitting[1 to 11]; Walking[0 to 0.6]; Writing[5 to 11],GMDCSA24,adl
2,ADL,20,datasets\raw\GMDCSA24\extracted\ekramalam-GMDCSA24-A-Dataset-for-Human-Fall-Detection-in-Videos-5abac76\Subject 2\ADL\20.mp4,6259591,11.6654,15.001628748264098,1280,720,Full Shirt & Jeans,Night,Standing up; picking up a water bottle; and drinking water while sitting on the ground,Drinking[7.4 to 9.4]; Sitting[3.7 to 11]; Standing[0 to 3.2],GMDCSA24,adl
2,ADL,21,datasets\raw\GMDCSA24\extracted\ekramalam-GMDCSA24-A-Dataset-for-Human-Fall-Detection-in-Videos-5abac76\Subject 2\ADL\21.mp4,5703502,10.529333333333334,15.005698366468279,1280,720,Full Shirt & Jeans,Night,Picking up a pen from the ground and walking,Standing[0 to 6.6]; Walking[6.6 to 10],GMDCSA24,adl
2,ADL,22,datasets\raw\GMDCSA24\extracted\ekramalam-GMDCSA24-A-Dataset-for-Human-Fall-Detection-in-Videos-5abac76\Subject 2\ADL\22.mp4,6399428,12.1293,15.004987921809173,1280,720,Full Shirt & Jeans,Night,Exercising (Push-up) and sitting,Exercising[1.9 to 8.3]; Sitting[9.5 to 10.5],GMDCSA24,adl
2,ADL,23,datasets\raw\GMDCSA24\extracted\ekramalam-GMDCSA24-A-Dataset-for-Human-Fall-Detection-in-Videos-5abac76\Subject 2\ADL\23.mp4,1426689,7.2802999999999995,14.971910498193756,640,480,Full Shirt & Jeans,Night,Eating biscuits while sitting on the bed with legs folded,Eating[4.2 to 5.2]; Sitting[0 to 7],GMDCSA24,adl
2,Fall,01,datasets\raw\GMDCSA24\extracted\ekramalam-GMDCSA24-A-Dataset-for-Human-Fall-Detection-in-Videos-5abac76\Subject 2\Fall\01.mp4,6472725,6.3681,29.836214883560245,1280,720,T-Shirt & Pants,Day,Right side fall on the ground,Falling (SW)[1.4 to 6]; Standing[0.4 to 1.2],GMDCSA24,fall
2,Fall,02,datasets\raw\GMDCSA24\extracted\ekramalam-GMDCSA24-A-Dataset-for-Human-Fall-Detection-in-Videos-5abac76\Subject 2\Fall\02.mp4,8595129,8.447899999999999,29.829898554670393,1280,720,T-Shirt & Pants,Day,Right side fall on the ground after walking,Falling (SW)[2.7 to 8]; Walking[0 to 2.6],GMDCSA24,fall
2,Fall,03,datasets\raw\GMDCSA24\extracted\ekramalam-GMDCSA24-A-Dataset-for-Human-Fall-Detection-in-Videos-5abac76\Subject 2\Fall\03.mp4,7202590,7.041566666666667,29.822908727697907,1280,720,T-Shirt & Pants,Day,Forward fall on the bed,Falling (FW)[0 to 7],GMDCSA24,fall
2,Fall,04,datasets\raw\GMDCSA24\extracted\ekramalam-GMDCSA24-A-Dataset-for-Human-Fall-Detection-in-Videos-5abac76\Subject 2\Fall\04.mp4,10581582,10.209633333333333,29.87374669021741,1280,720,T-Shirt & Pants,Day,Seeing outside the window then backward fall,Falling (BW)[3.3 to 10]; Standing[0 to 3.1],GMDCSA24,fall
2,Fall,05,datasets\raw\GMDCSA24\extracted\ekramalam-GMDCSA24-A-Dataset-for-Human-Fall-Detection-in-Videos-5abac76\Subject 2\Fall\05.mp4,4740489,4.528133333333334,29.813609728806572,1280,720,T-Shirt & Pants,Day,Left side fall (face hidden by hand),Falling (SW)[0.8 to 4]; Standing[0 to 0.7],GMDCSA24,fall
2,Fall,06,datasets\raw\GMDCSA24\extracted\ekramalam-GMDCSA24-A-Dataset-for-Human-Fall-Detection-in-Videos-5abac76\Subject 2\Fall\06.mp4,6640674,6.496066666666667,29.864225531347174,1280,720,T-Shirt & Pants,Day,Walking while seeing the mobile phone then fall backward (left hand not fully in the frame),Falling (BW)[2.1 to 6]; Walking[0 to 1.9],GMDCSA24,fall
2,Fall,07,datasets\raw\GMDCSA24\extracted\ekramalam-GMDCSA24-A-Dataset-for-Human-Fall-Detection-in-Videos-5abac76\Subject 2\Fall\07.mp4,4719515,4.528066666666667,29.81404867419502,1280,720,Full Shirt & Pants,Day,Falling (forward) after trying to pick the bottle from the ground,Falling (FW)[2 to 4]; Standing[0 to 1.7],GMDCSA24,fall
2,Fall,08,datasets\raw\GMDCSA24\extracted\ekramalam-GMDCSA24-A-Dataset-for-Human-Fall-Detection-in-Videos-5abac76\Subject 2\Fall\08.mp4,6240049,6.064333333333333,29.846644313747046,1280,720,Full Shirt & Pants,Day,Reading a newspaper in the sitting position on the ground then falling backward,Falling (BW)[3.2 to 6]; Reading[0 to 2.1]; Sitting[0 to 3],GMDCSA24,fall
2,Fall,09,datasets\raw\GMDCSA24\extracted\ekramalam-GMDCSA24-A-Dataset-for-Human-Fall-Detection-in-Videos-5abac76\Subject 2\Fall\09.mp4,5848366,5.6001666666666665,29.820541055325734,1280,720,Full Shirt & Pants,Day,Falling backward after walking,Falling (BW)[1.8 to 5]; Walking[0 to 1.7],GMDCSA24,fall
2,Fall,10,datasets\raw\GMDCSA24\extracted\ekramalam-GMDCSA24-A-Dataset-for-Human-Fall-Detection-in-Videos-5abac76\Subject 2\Fall\10.mp4,6007745,11.137500000000001,14.99438832772166,1280,720,Full Shirt & Jeans,Night,Right side fall then backward,Falling (BW)[2 to 4]; Falling (SW)[4 to 11]; Walking[0 to 1.8],GMDCSA24,fall
2,Fall,11,datasets\raw\GMDCSA24\extracted\ekramalam-GMDCSA24-A-Dataset-for-Human-Fall-Detection-in-Videos-5abac76\Subject 2\Fall\11.mp4,5742412,10.593333333333332,15.009439899307742,1280,720,Full Shirt & Jeans,Night,Falling from bed to ground,Falling (BW[5.9 to 10]; Walking[0 to 1.3],GMDCSA24,fall
2,Fall,12,datasets\raw\GMDCSA24\extracted\ekramalam-GMDCSA24-A-Dataset-for-Human-Fall-Detection-in-Videos-5abac76\Subject 2\Fall\12.mp4,2393316,12.2574,15.011340088436373,640,480,Full Shirt & Jeans,Night,Drinking water from the water bottle then falling backwards,Falling (BW)[6.9 to 12]; Drinking[3.5 to 5.3]; Standing[3.6 to 6.9]; Walking[0 to 3.6],GMDCSA24,fall
2,Fall,13,datasets\raw\GMDCSA24\extracted\ekramalam-GMDCSA24-A-Dataset-for-Human-Fall-Detection-in-Videos-5abac76\Subject 2\Fall\13.mp4,1617503,8.896,14.950539568345324,640,480,Full Shirt & Jeans,Night,Falling backward (side view),Falling (BW)[2.5 to 8]; Standing[0 to 2.5],GMDCSA24,fall
2,Fall,14,datasets\raw\GMDCSA24\extracted\ekramalam-GMDCSA24-A-Dataset-for-Human-Fall-Detection-in-Videos-5abac76\Subject 2\Fall\14.mp4,2174567,11.201433333333332,14.998080602780002,640,480,Full Shirt & Jeans,Night,Falling backward on the bed,Falling (BW)[3.4 to 11]; Standing[0 to 3.2],GMDCSA24,fall
2,Fall,15,datasets\raw\GMDCSA24\extracted\ekramalam-GMDCSA24-A-Dataset-for-Human-Fall-Detection-in-Videos-5abac76\Subject 2\Fall\15.mp4,12004861,11.6653,29.832066042022067,1280,720,T-Shirt & Pants 2,Day,Writing while sitting on the bed; then falling on the ground,Falling (SW)[7.7 to 11]; Sitting[0 to 7.7]; Writing[0 to 4.6],GMDCSA24,fall
2,Fall,16,datasets\raw\GMDCSA24\extracted\ekramalam-GMDCSA24-A-Dataset-for-Human-Fall-Detection-in-Videos-5abac76\Subject 2\Fall\16.mp4,4208601,4.0174666666666665,29.869569546314427,1280,720,T-Shirt & Pants 2,Day,Walking then falling forward,Falling (FW)[0.8 to 4]; Walking[0 to 0.6],GMDCSA24,fall
2,Fall,17,datasets\raw\GMDCSA24\extracted\ekramalam-GMDCSA24-A-Dataset-for-Human-Fall-Detection-in-Videos-5abac76\Subject 2\Fall\17.mp4,6754763,6.497366666666666,29.858250265492174,1280,720,T-Shirt & Pants 2,Day,Walking then falling forward,Falling (FW)[2.5 to 6]; Walking[0 to 2.1],GMDCSA24,fall
2,Fall,18,datasets\raw\GMDCSA24\extracted\ekramalam-GMDCSA24-A-Dataset-for-Human-Fall-Detection-in-Videos-5abac76\Subject 2\Fall\18.mp4,11908668,11.553533333333332,29.860994904877586,1280,720,T-Shirt & Pants 2,Day,Picking a water bottle from the ground and drinking water from it then falling forward on the ground,Falling (FW)[9.8 to 11]; Drinking[3.9 to 5.8]; Standing[0 to 2.3]; Walking[2.3 to 4.3],GMDCSA24,fall
2,Fall,19,datasets\raw\GMDCSA24\extracted\ekramalam-GMDCSA24-A-Dataset-for-Human-Fall-Detection-in-Videos-5abac76\Subject 2\Fall\19.mp4,15941844,15.521299999999998,29.829975581942236,1280,720,T-Shirt & Pants 2,Day,Eating in standing position then falling forward,Falling (FW)[8.2 to 15]; Eating[0.9 4.6]; Standing[0 to 8.1],GMDCSA24,fall
2,Fall,20,datasets\raw\GMDCSA24\extracted\ekramalam-GMDCSA24-A-Dataset-for-Human-Fall-Detection-in-Videos-5abac76\Subject 2\Fall\20.mp4,11795414,11.457633333333334,29.849096235697306,1280,720,T-Shirt & Pants 2,Day,Eating in standing position then falling forward,Falling (FW)[7.9 to 11]; Eating[1.6 to 3.2]; Standing[0 to 7.7],GMDCSA24,fall
2,Fall,21,datasets\raw\GMDCSA24\extracted\ekramalam-GMDCSA24-A-Dataset-for-Human-Fall-Detection-in-Videos-5abac76\Subject 2\Fall\21.mp4,9754803,9.489700000000001,29.82180680105799,1280,720,T-Shirt & Pants 2,Day,Standing then falling sideways,Falling (SW)[6.2 to 9]; Standing[0 to 4.9]; Walking[4.9 to 6.1],GMDCSA24,fall
2,Fall,22,datasets\raw\GMDCSA24\extracted\ekramalam-GMDCSA24-A-Dataset-for-Human-Fall-Detection-in-Videos-5abac76\Subject 2\Fall\22.mp4,5412975,5.201333333333333,29.80005126890541,1280,720,T-Shirt & Pants 2,Day,Walking then falling forward,Falling (FW)[1.3 to 5]; Walking[0 to 1.2],GMDCSA24,fall
2,Fall,23,datasets\raw\GMDCSA24\extracted\ekramalam-GMDCSA24-A-Dataset-for-Human-Fall-Detection-in-Videos-5abac76\Subject 2\Fall\23.mp4,7735091,7.537833333333333,29.849426227695844,1280,720,T-Shirt & Pants 2,Day,Standing then falling sideways,Falling (SW)[3.6 to 7]; Standing[0 to 3.6],GMDCSA24,fall
2,Fall,24,datasets\raw\GMDCSA24\extracted\ekramalam-GMDCSA24-A-Dataset-for-Human-Fall-Detection-in-Videos-5abac76\Subject 2\Fall\24.mp4,7389558,7.137300000000001,29.843218023622377,1280,720,T-Shirt & Pants 2,Day,Standing from the bed and then falling sideways on the ground,Falling (SW)[3.3 to 6.4]; Sitting[0 to 1.7]; Standing[2 to 3.2],GMDCSA24,fall
2,Fall,25,datasets\raw\GMDCSA24\extracted\ekramalam-GMDCSA24-A-Dataset-for-Human-Fall-Detection-in-Videos-5abac76\Subject 2\Fall\25.mp4,7550478,7.2979,29.871606900615244,1280,720,T-Shirt & Pants 2,Day,Standing then falling backward on the ground,Falling (BW)[3 to 7]; Standing[0 to 3],GMDCSA24,fall
3,ADL,01,datasets\raw\GMDCSA24\extracted\ekramalam-GMDCSA24-A-Dataset-for-Human-Fall-Detection-in-Videos-5abac76\Subject 3\ADL\01.mp4,8915311,8.7535,29.816644770663164,1280,720,Full T-shirt & Trousers,Day,Writing something in the notebook while sitting on the bed,Sitting[0 to 8]; Writing[0 to 8],GMDCSA24,adl
3,ADL,02,datasets\raw\GMDCSA24\extracted\ekramalam-GMDCSA24-A-Dataset-for-Human-Fall-Detection-in-Videos-5abac76\Subject 3\ADL\02.mp4,9386201,9.137533333333332,29.8767719953598,1280,720,Full T-shirt & Trousers,Day,Exercise (Hand up & down),Exercising[0 to 9]; Standing[0 to 9],GMDCSA24,adl
3,ADL,03,datasets\raw\GMDCSA24\extracted\ekramalam-GMDCSA24-A-Dataset-for-Human-Fall-Detection-in-Videos-5abac76\Subject 3\ADL\03.mp4,10102214,9.921766666666667,29.833396606115173,1280,720,Full T-shirt & Trousers,Day,Getting up from the sleeping position from the bed; Putting a mask on the face; then walking,Sitting[3 to 7.4]; Sleeping[0 to 1]; Standing[7.6 to 8.4]; Walking[8.5 to 9],GMDCSA24,adl
3,ADL,04,datasets\raw\GMDCSA24\extracted\ekramalam-GMDCSA24-A-Dataset-for-Human-Fall-Detection-in-Videos-5abac76\Subject 3\ADL\04.mp4,10300270,10.0495,29.852231454301208,1280,720,Full T-shirt & Trousers,Day,Picking a book from the floor and putting it on the bed; sitting on the bed,Sitting[9.2 to 10]; Standing[2.4 to 3.6; 6.6 to 7.9; Walking[3.6 to 5.2; 7.9 to 9.2],GMDCSA24,adl
3,ADL,05,datasets\raw\GMDCSA24\extracted\ekramalam-GMDCSA24-A-Dataset-for-Human-Fall-Detection-in-Videos-5abac76\Subject 3\ADL\05.mp4,5410881,5.1693,29.791267676474572,1280,720,Full T-shirt & Trousers,Day,Exercising (hand down & up with body bending),Exercising[0 to 5]; Standing[0 to 5],GMDCSA24,adl
3,ADL,06,datasets\raw\GMDCSA24\extracted\ekramalam-GMDCSA24-A-Dataset-for-Human-Fall-Detection-in-Videos-5abac76\Subject 3\ADL\06.mp4,9084601,8.9454,29.847742974042525,1280,720,Full T-shirt & Trousers,Day,Exercising then sitting down on the floor,Exercising[0 to 5.1]; Sitting[5.1 to 8],GMDCSA24,adl
3,ADL,07,datasets\raw\GMDCSA24\extracted\ekramalam-GMDCSA24-A-Dataset-for-Human-Fall-Detection-in-Videos-5abac76\Subject 3\ADL\07.mp4,3599323,3.3455,29.890898221491558,1280,720,Full T-shirt & Trousers,Day,Exercising (sitting and standing),Exercising[0 to 3]; Standing[0 to 0.3; 1.5 to 2.2],GMDCSA24,adl
3,ADL,08,datasets\raw\GMDCSA24\extracted\ekramalam-GMDCSA24-A-Dataset-for-Human-Fall-Detection-in-Videos-5abac76\Subject 3\ADL\08.mp4,5172948,4.896166666666667,29.819246349184738,1280,720,Full T-shirt & Trousers,Day,Sitting to sleeping on the floor,Sitting[0 to 0.8]; Sleeping[0.8 to 4],GMDCSA24,adl
3,ADL,09,datasets\raw\GMDCSA24\extracted\ekramalam-GMDCSA24-A-Dataset-for-Human-Fall-Detection-in-Videos-5abac76\Subject 3\ADL\09.mp4,8018966,7.775966666666666,29.835518842244696,1280,720,Full T-shirt & Trousers,Day,Sleeping on the floor to sitting and then standing,Sitting[2.5 to 6]; Sleeping[0 to 2.2]; Standing[6.2 to 7],GMDCSA24,adl
3,ADL,10,datasets\raw\GMDCSA24\extracted\ekramalam-GMDCSA24-A-Dataset-for-Human-Fall-Detection-in-Videos-5abac76\Subject 3\ADL\10.mp4,12788851,12.433566666666666,29.838582117761867,1280,720,Full shirt & Trousers,Day,Opening the window curtain and the window,Standing[0 to 12],GMDCSA24,adl
3,ADL,11,datasets\raw\GMDCSA24\extracted\ekramalam-GMDCSA24-A-Dataset-for-Human-Fall-Detection-in-Videos-5abac76\Subject 3\ADL\11.mp4,12320822,12.0815,29.880395646235982,1280,720,Full shirt & Trousers,Day,Closing the window curtain and the window,Standing[2.7 to 12]; Walking[0 to 2.7],GMDCSA24,adl
3,ADL,12,datasets\raw\GMDCSA24\extracted\ekramalam-GMDCSA24-A-Dataset-for-Human-Fall-Detection-in-Videos-5abac76\Subject 3\ADL\12.mp4,5814420,10.673333333333334,14.990630855715178,1280,720,Full T-shirt 2 & Trousers,Night,Changing pages of a book while sitting on the bed; standing,Reading; Sitting[0.8 to 8.1]; Standing[8.1 to 9.2]; Walking[9.2 to 10],GMDCSA24,adl
3,ADL,13,datasets\raw\GMDCSA24\extracted\ekramalam-GMDCSA24-A-Dataset-for-Human-Fall-Detection-in-Videos-5abac76\Subject 3\ADL\13.mp4,4930771,8.6415,15.043684545507146,1280,720,Full T-shirt (different) & Trousers,Night,Sitting on the floor,Sitting[0 to 8],GMDCSA24,adl
3,ADL,14,datasets\raw\GMDCSA24\extracted\ekramalam-GMDCSA24-A-Dataset-for-Human-Fall-Detection-in-Videos-5abac76\Subject 3\ADL\14.mp4,4901751,8.865633333333333,15.001748324052803,1280,720,Full T-shirt (different) & Trousers,Night,Sitting on the floor & drinking water from the water bottle,Drinking[3.5 to 6]; Sitting[0 to 8],GMDCSA24,adl
3,ADL,15,datasets\raw\GMDCSA24\extracted\ekramalam-GMDCSA24-A-Dataset-for-Human-Fall-Detection-in-Videos-5abac76\Subject 3\ADL\15.mp4,4160966,7.665233333333333,15.00280487221524,1280,720,Full T-shirt (different) & Trousers,Night,Reading newspaper while sitting on the floor,Reading[0 to 7]; Sitting[0 to 7],GMDCSA24,adl
3,ADL,16,datasets\raw\GMDCSA24\extracted\ekramalam-GMDCSA24-A-Dataset-for-Human-Fall-Detection-in-Videos-5abac76\Subject 3\ADL\16.mp4,10556263,10.257266666666666,29.83250898549971,1280,720,Kurta & Trousers,Day,Eating while sitting on the ground,Eating[0 to 10]; Sitting[0 to 10],GMDCSA24,adl
3,ADL,17,datasets\raw\GMDCSA24\extracted\ekramalam-GMDCSA24-A-Dataset-for-Human-Fall-Detection-in-Videos-5abac76\Subject 3\ADL\17.mp4,6499280,12.129433333333333,15.00482297881462,1280,720,Full T-shirt (different) & Trousers,Night,Drinking water from a water bottle while sitting on the bed Putting the water bottle on the bed,Drinking[1.8 to 4.1]; Sitting[0 to 12],GMDCSA24,adl
3,ADL,18,datasets\raw\GMDCSA24\extracted\ekramalam-GMDCSA24-A-Dataset-for-Human-Fall-Detection-in-Videos-5abac76\Subject 3\ADL\18.mp4,2171202,11.121466666666667,15.0160050832624,640,480,Full T-shirt (different) & Trousers,Night,Walking; sitting on the bed and eating biscuits,Eating[5.1 to 5.8]; Sitting[0.6 to 11]; Walking[0 to 0.5],GMDCSA24,adl
3,ADL,19,datasets\raw\GMDCSA24\extracted\ekramalam-GMDCSA24-A-Dataset-for-Human-Fall-Detection-in-Videos-5abac76\Subject 3\ADL\19.mp4,1375610,6.5133,15.046136367125728,640,480,Full T-shirt (different) & Trousers,Night,Picking the pen from the floor and putting it on the bed,Walking[1.8 to 5],GMDCSA24,adl
3,ADL,20,datasets\raw\GMDCSA24\extracted\ekramalam-GMDCSA24-A-Dataset-for-Human-Fall-Detection-in-Videos-5abac76\Subject 3\ADL\20.mp4,1841867,9.3933,15.010699115326881,640,480,Full T-shirt (different) & Trousers,Night,Talking on the phone while sitting on the bed,Sitting[0 to 9],GMDCSA24,adl
3,ADL,21,datasets\raw\GMDCSA24\extracted\ekramalam-GMDCSA24-A-Dataset-for-Human-Fall-Detection-in-Videos-5abac76\Subject 3\ADL\21.mp4,10543223,10.225200000000001,29.82826741775222,1280,720,Kurta & Trousers,Day,Drinking while sitting on the bed,Drinking[0 to 5.1]; Sitting[ 0 to 10],GMDCSA24,adl
3,ADL,22,datasets\raw\GMDCSA24\extracted\ekramalam-GMDCSA24-A-Dataset-for-Human-Fall-Detection-in-Videos-5abac76\Subject 3\ADL\22.mp4,9751145,9.4896,29.822121058843365,1280,720,Kurta & Trousers,Day,Writing while sitting on the bed,Sitting[0 to 9]; Writing[0 to 9],GMDCSA24,adl
3,Fall,01,datasets\raw\GMDCSA24\extracted\ekramalam-GMDCSA24-A-Dataset-for-Human-Fall-Detection-in-Videos-5abac76\Subject 3\Fall\01.mp4,4135599,3.8095,29.925187032418954,1280,720,Full T-shirt & Trouser,Day,falling forward,Fall (FW)[0 to 3],GMDCSA24,fall
3,Fall,02,datasets\raw\GMDCSA24\extracted\ekramalam-GMDCSA24-A-Dataset-for-Human-Fall-Detection-in-Videos-5abac76\Subject 3\Fall\02.mp4,6999116,6.5617,29.870307999451363,1280,720,Full T-shirt & Trouser,Day,Falling on the bed (forward),Fall (FW)[2.6 to 6]; Standing[1.3 to 2.2]; Walking[0 to 1.3],GMDCSA24,fall
3,Fall,03,datasets\raw\GMDCSA24\extracted\ekramalam-GMDCSA24-A-Dataset-for-Human-Fall-Detection-in-Videos-5abac76\Subject 3\Fall\03.mp4,5753609,5.601633333333334,29.812733190914553,1280,720,Full T-shirt & Trouser,Day,Falling backward on the floor,Falling (BW)[1.5 to 5]; Standing[0 to 1.5],GMDCSA24,fall
3,Fall,04,datasets\raw\GMDCSA24\extracted\ekramalam-GMDCSA24-A-Dataset-for-Human-Fall-Detection-in-Videos-5abac76\Subject 3\Fall\04.mp4,5697448,5.457533333333333,29.866972869306036,1280,720,Full T-shirt & Trouser,Day,Walking and then falling backward on the floor,Falling (BW)[1.2 to 5]; Walking[0 to 1.2],GMDCSA24,fall
3,Fall,05,datasets\raw\GMDCSA24\extracted\ekramalam-GMDCSA24-A-Dataset-for-Human-Fall-Detection-in-Videos-5abac76\Subject 3\Fall\05.mp4,10206712,10.049366666666668,29.852627528766323,1280,720,Full T-shirt & Trouser,Day,Falling slowly from standing position to the floor,Falling (BW)[3.2 to 10]; Standing[0 to 3],GMDCSA24,fall
3,Fall,06,datasets\raw\GMDCSA24\extracted\ekramalam-GMDCSA24-A-Dataset-for-Human-Fall-Detection-in-Videos-5abac76\Subject 3\Fall\06.mp4,5941313,5.553633333333334,29.89034205835219,1280,720,Full T-shirt & Trouser,Day,Falling (backward) on the floor from the sitting position,Falling (BW) [0 to 5],GMDCSA24,fall
3,Fall,07,datasets\raw\GMDCSA24\extracted\ekramalam-GMDCSA24-A-Dataset-for-Human-Fall-Detection-in-Videos-5abac76\Subject 3\Fall\07.mp4,9262980,9.025400000000001,29.804773195647837,1280,720,Full T-shirt & Trouser,Day,Falling on the floor from the standing position,Falling (BW)[1 to 9]; Standing[0 to 1],GMDCSA24,fall
3,Fall,08,datasets\raw\GMDCSA24\extracted\ekramalam-GMDCSA24-A-Dataset-for-Human-Fall-Detection-in-Videos-5abac76\Subject 3\Fall\08.mp4,6524154,6.3373,29.35003865999716,1280,720,Full T-shirt & Trouser,Day,Falling on the right side onto the floor from a standing position,Falling (SW)[0 to 6],GMDCSA24,fall
3,Fall,09,datasets\raw\GMDCSA24\extracted\ekramalam-GMDCSA24-A-Dataset-for-Human-Fall-Detection-in-Videos-5abac76\Subject 3\Fall\09.mp4,6430062,6.224233333333333,29.88319846621003,1280,720,Full T-shirt & Trouser,Day,Reading the book while sitting on the ground; then falling backward,Falling (BW)[3.3 to 6]; Reading[0 to 3.3]; Sitting[0 to 3.4],GMDCSA24,fall
3,Fall,10,datasets\raw\GMDCSA24\extracted\ekramalam-GMDCSA24-A-Dataset-for-Human-Fall-Detection-in-Videos-5abac76\Subject 3\Fall\10.mp4,4533133,4.385566666666667,29.87071226067327,1280,720,Full shirt & Trouser,Day,Falling forward on the bed,Falling (FW)[1.7 to 4],GMDCSA24,fall
3,Fall,11,datasets\raw\GMDCSA24\extracted\ekramalam-GMDCSA24-A-Dataset-for-Human-Fall-Detection-in-Videos-5abac76\Subject 3\Fall\11.mp4,9172835,8.945500000000001,29.847409311944553,1280,720,Kurta & Trouser,Day,Eating in standing position then falling forward,Falling (FW)[4.7 to 8]; Eating[0 to 2]; Standing[0 to 4.6],GMDCSA24,fall
3,Fall,12,datasets\raw\GMDCSA24\extracted\ekramalam-GMDCSA24-A-Dataset-for-Human-Fall-Detection-in-Videos-5abac76\Subject 3\Fall\12.mp4,4513787,4.256166666666666,29.839057054469986,1280,720,Full T-shirt & Trouser,Day,Falling backward from the bed,Falling (BW)[1.6 to 4]; Standing[0 to 0.8],GMDCSA24,fall
3,Fall,13,datasets\raw\GMDCSA24\extracted\ekramalam-GMDCSA24-A-Dataset-for-Human-Fall-Detection-in-Videos-5abac76\Subject 3\Fall\13.mp4,4490977,4.048233333333333,29.889581463519065,1280,720,Full T-shirt & Trouser,Day,Writing something in a notebook while sitting position on the floor; then falling backward,Falling (BW)[1.4 to 4]; Sitting[0 to 1.4]; Writing[0 to 1.3],GMDCSA24,fall
3,Fall,14,datasets\raw\GMDCSA24\extracted\ekramalam-GMDCSA24-A-Dataset-for-Human-Fall-Detection-in-Videos-5abac76\Subject 3\Fall\14.mp4,12639388,12.3056,29.8238200494084,1280,720,Full T-shirt; Shirt  & Trouser,Day,Falling backward on the floor while removing the shirt and trying to hang it on the hangar,Falling (BW)[8.1 to 12]; Standing[4.6 to 8.1];Walking[0 to 4.6],GMDCSA24,fall
3,Fall,15,datasets\raw\GMDCSA24\extracted\ekramalam-GMDCSA24-A-Dataset-for-Human-Fall-Detection-in-Videos-5abac76\Subject 3\Fall\15.mp4,3155467,5.649633333333334,15.04522417384019,1280,720,Full T-shirt (different) & Trouser,Night,Trying to drink water from the water bottle and then falling on the floor,Falling (BW)[1.9 to 5]; Standing[0 to 1.8],GMDCSA24,fall
3,Fall,16,datasets\raw\GMDCSA24\extracted\ekramalam-GMDCSA24-A-Dataset-for-Human-Fall-Detection-in-Videos-5abac76\Subject 3\Fall\16.mp4,3349906,6.0803,14.96636679111228,1280,720,Full T-shirt (different) & Trouser,Night,Walking and then falling left side on the floor,Falling (SW)[1.8 to 7]; Walking[0 to 1.7],GMDCSA24,fall
3,Fall,17,datasets\raw\GMDCSA24\extracted\ekramalam-GMDCSA24-A-Dataset-for-Human-Fall-Detection-in-Videos-5abac76\Subject 3\Fall\17.mp4,4685086,8.513366666666666,15.035179971887345,1280,720,Full T-shirt (different) & Trouser,Night,Reading newspaper then falling Backward on the bed,Falling (BW)[1.4 to 8]; Reading[0 to 1.1]; Sitting[0 to 1.4],GMDCSA24,fall
3,Fall,18,datasets\raw\GMDCSA24\extracted\ekramalam-GMDCSA24-A-Dataset-for-Human-Fall-Detection-in-Videos-5abac76\Subject 3\Fall\18.mp4,6314610,11.8736,14.991241072631722,1280,720,Full T-shirt (different) & Trouser,Night,Sitting on the bed; then falling on the floor,Falling (SW)[4.2 to 11]; Sitting[0 to 3.2],GMDCSA24,fall
3,Fall,19,datasets\raw\GMDCSA24\extracted\ekramalam-GMDCSA24-A-Dataset-for-Human-Fall-Detection-in-Videos-5abac76\Subject 3\Fall\19.mp4,1163962,5.713666666666667,15.051630593314275,640,480,Full T-shirt (different) & Trouser,Night,Falling on the floor from the standing position,Falling (BW)[2 to 5]; Standing[0 to 1.9],GMDCSA24,fall
3,Fall,20,datasets\raw\GMDCSA24\extracted\ekramalam-GMDCSA24-A-Dataset-for-Human-Fall-Detection-in-Videos-5abac76\Subject 3\Fall\20.mp4,1276484,6.2414000000000005,15.060723555612523,640,480,Full T-shirt (different) & Trouser,Night,Walking then falling forward on the floor,Falling (FW)[2.3 to 6]; Walking[0 to 2.2],GMDCSA24,fall
3,Fall,21,datasets\raw\GMDCSA24\extracted\ekramalam-GMDCSA24-A-Dataset-for-Human-Fall-Detection-in-Videos-5abac76\Subject 3\Fall\21.mp4,9366624,9.169633333333334,29.881238435560856,1280,720,Kurta & Trouser,Day,Drinking in standing position then falling sideways,Falling (SW)[5.4 to 9]; Drinking[0 to 1.4]; Standing[0 to 4.4],GMDCSA24,fall
4,ADL,01,datasets\raw\GMDCSA24\extracted\ekramalam-GMDCSA24-A-Dataset-for-Human-Fall-Detection-in-Videos-5abac76\Subject 4\ADL\01.mp4,12882539,12.4014,29.835341171158095,1280,720,Full Shirt & Pant,Day (Lights Off),Wiping the face with a handkerchief while sitting on the bed; cleaning the goggles and putting them on,Sitting[0 to 12],GMDCSA24,adl
4,ADL,02,datasets\raw\GMDCSA24\extracted\ekramalam-GMDCSA24-A-Dataset-for-Human-Fall-Detection-in-Videos-5abac76\Subject 4\ADL\02.mp4,11087188,10.561466666666666,29.82540303745692,1280,720,Full Shirt & Pant,Day (Lights Off),Talking on the mobile phone while walking,Walking[0 to 10],GMDCSA24,adl
4,ADL,03,datasets\raw\GMDCSA24\extracted\ekramalam-GMDCSA24-A-Dataset-for-Human-Fall-Detection-in-Videos-5abac76\Subject 4\ADL\03.mp4,9430862,8.9457,29.84674201012777,1280,720,Full Shirt & Pant,Day (Lights Off),Reading a book while sitting on the bed,Reading[3.8 to 8]; Sitting[ 0 to 8],GMDCSA24,adl
4,ADL,04,datasets\raw\GMDCSA24\extracted\ekramalam-GMDCSA24-A-Dataset-for-Human-Fall-Detection-in-Videos-5abac76\Subject 4\ADL\04.mp4,13673909,13.009466666666667,29.82443553924834,1280,720,Full Shirt & Pant,Day (Lights Off),Using a laptop while sitting on the bed,Sitting[0 to 13],GMDCSA24,adl
4,ADL,05,datasets\raw\GMDCSA24\extracted\ekramalam-GMDCSA24-A-Dataset-for-Human-Fall-Detection-in-Videos-5abac76\Subject 4\ADL\05.mp4,7978111,7.361666666666666,29.88453701607426,1280,720,Full Shirt & Pant,Day (Lights Off),Doing exercise (push-up); view 1,Exercising[2.6 to 7]; Walking[0 to 1.9],GMDCSA24,adl
4,ADL,06,datasets\raw\GMDCSA24\extracted\ekramalam-GMDCSA24-A-Dataset-for-Human-Fall-Detection-in-Videos-5abac76\Subject 4\ADL\06.mp4,7176201,6.5776,29.79810265142301,1280,720,Full Shirt & Pant,Day (Lights Off),Doing exercise (push-up); view 2,Exercising[1.4 to 6]; Walking[0 to 1],GMDCSA24,adl
4,ADL,07,datasets\raw\GMDCSA24\extracted\ekramalam-GMDCSA24-A-Dataset-for-Human-Fall-Detection-in-Videos-5abac76\Subject 4\ADL\07.mp4,5575628,4.993399999999999,29.83938799214964,1280,720,Full Shirt & Pant,Day (Lights Off),Doing exercise (push-up); view 3,Exercising[0 to 4],GMDCSA24,adl
4,ADL,08,datasets\raw\GMDCSA24\extracted\ekramalam-GMDCSA24-A-Dataset-for-Human-Fall-Detection-in-Videos-5abac76\Subject 4\ADL\08.mp4,12953561,12.3375,29.82776089159068,1280,720,Full Shirt & Pant,Day (Lights Off),Sleeping to sitting; putting on the goggles and drinking water,Drinking[8.5 to 12]; Sitting[2.1 to 12]; Sleeping[0 to 1.1],GMDCSA24,adl
4,ADL,09,datasets\raw\GMDCSA24\extracted\ekramalam-GMDCSA24-A-Dataset-for-Human-Fall-Detection-in-Videos-5abac76\Subject 4\ADL\09.mp4,12447609,12.129466666666668,29.84467577579668,1280,720,Full Shirt & Pant,Day (Lights Off),Reading a book and checking the mobile phone while sitting on the bed,Reading[0 to 12]; Sitting[0 to 12],GMDCSA24,adl
4,ADL,10,datasets\raw\GMDCSA24\extracted\ekramalam-GMDCSA24-A-Dataset-for-Human-Fall-Detection-in-Videos-5abac76\Subject 4\ADL\10.mp4,13287314,12.8012,29.840952410711495,1280,720,Full Shirt & Pant,Day (Lights Off),Walking then sleeping on the bed after removing the goggles,Sleeping[4.3 to 12]; Walking[0 to 1.4],GMDCSA24,adl
4,ADL,11,datasets\raw\GMDCSA24\extracted\ekramalam-GMDCSA24-A-Dataset-for-Human-Fall-Detection-in-Videos-5abac76\Subject 4\ADL\11.mp4,11019500,10.721466666666666,29.846662770019027,1280,720,Full Shirt & Pant,Day (Lights Off),Copying content from a book into a notebook while sitting on the floor,Sitting[0 to 10]; Writing[2.7 to 10],GMDCSA24,adl
4,ADL,12,datasets\raw\GMDCSA24\extracted\ekramalam-GMDCSA24-A-Dataset-for-Human-Fall-Detection-in-Videos-5abac76\Subject 4\ADL\12.mp4,8879979,8.6093,29.85143972216092,1280,720,Full Shirt & Pant,Day (Lights Off),Stopping copying from a book and drinking water while sitting on the floor,Drinking[4.5 to 8]; Reading[0 to 1.6]; Sitting[0 to 8]; Writing[0 to 1.6],GMDCSA24,adl
4,ADL,13,datasets\raw\GMDCSA24\extracted\ekramalam-GMDCSA24-A-Dataset-for-Human-Fall-Detection-in-Videos-5abac76\Subject 4\ADL\13.mp4,5741194,5.489533333333333,29.875034914929017,1280,720,Full Shirt & Pant,Day (Lights On),Writing while sitting on the chair,Sitting[0 to 5]; Writing[0 to 5],GMDCSA24,adl
4,ADL,14,datasets\raw\GMDCSA24\extracted\ekramalam-GMDCSA24-A-Dataset-for-Human-Fall-Detection-in-Videos-5abac76\Subject 4\ADL\14.mp4,8425027,8.305666666666667,29.859132319300077,1280,720,Full Shirt & Pant,Day (Lights On),Sitting in the chair to standing on the floor; then picking up the water bottle and drinking water from it,Drinking[4.5 to 6.7]; Standing[0 to 0.3; 1.5 to 8]; Walking[0.4 to 1.4],GMDCSA24,adl
4,ADL,15,datasets\raw\GMDCSA24\extracted\ekramalam-GMDCSA24-A-Dataset-for-Human-Fall-Detection-in-Videos-5abac76\Subject 4\ADL\15.mp4,5516254,5.329566666666667,29.83356995878339,1280,720,Full Shirt & Pant,Day (Lights On),Sitting to sleeping on the bed,Sitting[0 to 0.5]; Sleeping[1.6 to 5],GMDCSA24,adl
4,ADL,16,datasets\raw\GMDCSA24\extracted\ekramalam-GMDCSA24-A-Dataset-for-Human-Fall-Detection-in-Videos-5abac76\Subject 4\ADL\16.mp4,7385513,7.137566666666666,29.842103050993103,1280,720,Full Shirt & Pant,Day (Lights On),Sitting on the bed; removing the goggles; then sleeping,Sitting[0.5 to 2.8]; Sleeping[2.9 to 7],GMDCSA24,adl
4,ADL,17,datasets\raw\GMDCSA24\extracted\ekramalam-GMDCSA24-A-Dataset-for-Human-Fall-Detection-in-Videos-5abac76\Subject 4\ADL\17.mp4,6422176,6.225366666666667,29.877758204336022,1280,720,Full Shirt & Pant,Day (Lights On),Picking up the book from the floor and putting it on the bed,Walking[0 to 6],GMDCSA24,adl
4,ADL,18,datasets\raw\GMDCSA24\extracted\ekramalam-GMDCSA24-A-Dataset-for-Human-Fall-Detection-in-Videos-5abac76\Subject 4\ADL\18.mp4,5094294,14.097433333333333,29.863592190540594,640,480,Full Shirt & Pant,Day (Lights On),Wiping the face with a handkerchief; putting on the goggles; then reading a book,Reading[11.5 to 14]; Sitting[0.7 to 14],GMDCSA24,adl
4,ADL,19,datasets\raw\GMDCSA24\extracted\ekramalam-GMDCSA24-A-Dataset-for-Human-Fall-Detection-in-Videos-5abac76\Subject 4\ADL\19.mp4,3574963,9.905333333333333,29.882891371651635,640,480,Full Shirt & Pant,Day (Lights On),Walking; then picking up the biscuit jar and eating biscuits from it after sitting on the bed,Eating[7.7 to 9]; Sitting[6.9 to 9]; Standing[3 to 6.4]; Walking[0 to 1.7],GMDCSA24,adl
4,ADL,20,datasets\raw\GMDCSA24\extracted\ekramalam-GMDCSA24-A-Dataset-for-Human-Fall-Detection-in-Videos-5abac76\Subject 4\ADL\20.mp4,6333828,17.5214,29.84921296243451,640,480,Full Shirt & Pant,Day (Lights On),Eating biscuits then picking up the water bottle from the floor and drinking the water from it after sitting on the bed; keeping the bottle on the floor,Drinking[4.6 to 10.4]; Eating[16.2 to 17]; Sitting[2.8 to 17]; Standing[0.7 to 2.6],GMDCSA24,adl
4,Fall,01,datasets\raw\GMDCSA24\extracted\ekramalam-GMDCSA24-A-Dataset-for-Human-Fall-Detection-in-Videos-5abac76\Subject 4\Fall\01.mp4,1714708,4.6575,29.844337090713903,640,480,Full Shirt & Pant,Day (Lights On),Standing on the bed to falling (LS) on the bed,Falling (SW)[1.8 to 4]; Standing[0 to 1.5],GMDCSA24,fall
4,Fall,02,datasets\raw\GMDCSA24\extracted\ekramalam-GMDCSA24-A-Dataset-for-Human-Fall-Detection-in-Videos-5abac76\Subject 4\Fall\02.mp4,1110158,2.9773666666666667,29.892186607852576,640,480,Full Shirt & Pant,Day (Lights On),Falling (LS) from the bed to the floor,Falling (SW)[1.5 to 2]; Sleeping[0 to 1.4],GMDCSA24,fall
4,Fall,03,datasets\raw\GMDCSA24\extracted\ekramalam-GMDCSA24-A-Dataset-for-Human-Fall-Detection-in-Videos-5abac76\Subject 4\Fall\03.mp4,2421154,6.705533333333333,29.82611375679787,640,480,Full Shirt & Pant,Day (Lights Off),Walking then falling (forward) view 1,Falling (FW)[1.7 to 6]; Walking[0 to 1.7],GMDCSA24,fall
4,Fall,04,datasets\raw\GMDCSA24\extracted\ekramalam-GMDCSA24-A-Dataset-for-Human-Fall-Detection-in-Videos-5abac76\Subject 4\Fall\04.mp4,4877049,4.721566666666667,29.862969212196518,1280,720,Full Shirt & Pant,Day (Lights Off),Walking then falling (forward) view 2,Falling (FW)[1.2 to 4],GMDCSA24,fall
4,Fall,05,datasets\raw\GMDCSA24\extracted\ekramalam-GMDCSA24-A-Dataset-for-Human-Fall-Detection-in-Videos-5abac76\Subject 4\Fall\05.mp4,7685245,7.409633333333334,29.826037275798623,1280,720,Full Shirt & Pant,Day (Lights Off),Falling (RS) on the bed from sitting on the bed,Falling (SW)[2.7 to 7]; Sitting[0 to 2.4],GMDCSA24,fall
4,Fall,06,datasets\raw\GMDCSA24\extracted\ekramalam-GMDCSA24-A-Dataset-for-Human-Fall-Detection-in-Videos-5abac76\Subject 4\Fall\06.mp4,6374205,6.1296333333333335,29.85496685500492,1280,720,Full Shirt & Pant,Day (Lights Off),Falling (LS) on the bed from sitting on the bed then falling (RS) to the floor,Falling (SW)[1.1 to 6]; Sitting[0 to 1],GMDCSA24,fall
4,Fall,07,datasets\raw\GMDCSA24\extracted\ekramalam-GMDCSA24-A-Dataset-for-Human-Fall-Detection-in-Videos-5abac76\Subject 4\Fall\07.mp4,6413959,6.305033333333333,29.817447436175332,1280,720,Full Shirt & Pant,Day (Lights Off),Walking then falling (LS) on the floor,Falling (SW)[2.4 to 6]; Walking[0 to 1.6],GMDCSA24,fall
4,Fall,08,datasets\raw\GMDCSA24\extracted\ekramalam-GMDCSA24-A-Dataset-for-Human-Fall-Detection-in-Videos-5abac76\Subject 4\Fall\08.mp4,6535767,6.257533333333333,29.883979842962617,1280,720,Full Shirt & Pant,Day (Lights Off),Falling backward on the bed from sitting on the bed,Falling (BW)[2.3 to 6]; Sitting[0 to 2.2],GMDCSA24,fall
4,Fall,09,datasets\raw\GMDCSA24\extracted\ekramalam-GMDCSA24-A-Dataset-for-Human-Fall-Detection-in-Videos-5abac76\Subject 4\Fall\09.mp4,6249112,6.065733333333333,29.839755566790494,1280,720,Full Shirt & Pant,Day (Lights On),Falling backward on the bed from sitting on the bed,Falling (BW)[2.3 6]; Sitting[0 to 2],GMDCSA24,fall
4,Fall,10,datasets\raw\GMDCSA24\extracted\ekramalam-GMDCSA24-A-Dataset-for-Human-Fall-Detection-in-Videos-5abac76\Subject 4\Fall\10.mp4,5303241,5.057566666666667,29.856254984280977,1280,720,Full Shirt & Pant,Day (Lights On),Reading a book while sitting on the chair then falling (FW) on the ground,Falling (FW)[2.2 to 5]; Reading[0 to 2.1]; Sitting[0 to 2.1],GMDCSA24,fall
4,Fall,11,datasets\raw\GMDCSA24\extracted\ekramalam-GMDCSA24-A-Dataset-for-Human-Fall-Detection-in-Videos-5abac76\Subject 4\Fall\11.mp4,4788639,4.561466666666667,29.814971792698255,1280,720,Full Shirt & Pant,Day (Lights On),Walking then falling (FW: only waist to toe is visible after falling),Falling (FW)[1.2 to 4]; Walking[0 to 1],GMDCSA24,fall
4,Fall,12,datasets\raw\GMDCSA24\extracted\ekramalam-GMDCSA24-A-Dataset-for-Human-Fall-Detection-in-Videos-5abac76\Subject 4\Fall\12.mp4,4851884,4.625333333333334,29.83568751801672,1280,720,T-Shirt & Pant,Day (Lights On),Falling (FW)to the floor from sitting on the bed,Falling (FW)[1.5 to 4]; Sitting[0 to 1.3],GMDCSA24,fall
4,Fall,13,datasets\raw\GMDCSA24\extracted\ekramalam-GMDCSA24-A-Dataset-for-Human-Fall-Detection-in-Videos-5abac76\Subject 4\Fall\13.mp4,5212102,4.993366666666667,29.839587185666318,1280,720,T-Shirt & Pant,Day (Lights On),Falling (sideways) on the bed from sitting on the bed,Falling (SW)[0.3 to 5],GMDCSA24,fall
4,Fall,14,datasets\raw\GMDCSA24\extracted\ekramalam-GMDCSA24-A-Dataset-for-Human-Fall-Detection-in-Videos-5abac76\Subject 4\Fall\14.mp4,5494513,5.2495666666666665,29.907230438067906,1280,720,T-Shirt & Pant,Day (Lights On),Falling (RS) on the bed from sitting on the bed then falling (LS) to the floor,Falling (SW)[0.8 to 5]; Sitting[0 to 0.8],GMDCSA24,fall
4,Fall,15,datasets\raw\GMDCSA24\extracted\ekramalam-GMDCSA24-A-Dataset-for-Human-Fall-Detection-in-Videos-5abac76\Subject 4\Fall\15.mp4,5091720,4.849466666666666,29.90019521046988,1280,720,T-Shirt & Pant,Day (Lights On),Falling (FW) on the floor from sitting on the bed,Falling (FW); Sitting[0 to 1.7],GMDCSA24,fall
4,Fall,16,datasets\raw\GMDCSA24\extracted\ekramalam-GMDCSA24-A-Dataset-for-Human-Fall-Detection-in-Videos-5abac76\Subject 4\Fall\16.mp4,7300320,7.1056333333333335,29.83548264522515,1280,720,T-Shirt & Pant,Day (Lights On),Walking then falling (FW) on the floor,Falling (FW)[3.2 to 7]; Walking[0 to 2.9],GMDCSA24,fall
4,Fall,17,datasets\raw\GMDCSA24\extracted\ekramalam-GMDCSA24-A-Dataset-for-Human-Fall-Detection-in-Videos-5abac76\Subject 4\Fall\17.mp4,7109838,6.929433333333333,29.8725725528302,1280,720,T-Shirt & Pant,Day (Lights On),Falling (LS) on the bed from sitting on the bed,Falling (SW)[2.8 to 6]; Sitting[0 to 2.6],GMDCSA24,fall
